Jugador 1,Personaje 1,Jugador 2,Personaje 2,Round 1,Round 2,Round 3,Round 4,Round 5,Round 1,Round 2,Round 3,Round 4,Round 5,Event,Media,Playlist,Platform
wylde,Nightmare,raynarrok,Setsuka,LB,W,LB,W,LB,W,LB,W,LY,W,SSLT 1,https://www.youtube.com/embed/videoseries?list=PL90QAKwVH1t6ZiRWzJXVsK5VHshUWUXNN,https://www.youtube.com/playlist?list=PL90QAKwVH1t6ZiRWzJXVsK5VHshUWUXNN,PC
wylde,Nightmare,raynarrok,Setsuka,W,W,W,0,0,LY,LY,LB,0,0,SSLT 1,https://www.youtube.com/embed/videoseries?list=PL90QAKwVH1t6ZiRWzJXVsK5VHshUWUXNN,https://www.youtube.com/playlist?list=PL90QAKwVH1t6ZiRWzJXVsK5VHshUWUXNN,PC
raynarrok,Setsuka,wylde,Nightmare,LY,W,PL,LY,0,W,LY,PW,W,0,SSLT 1,https://www.youtube.com/embed/videoseries?list=PL90QAKwVH1t6ZiRWzJXVsK5VHshUWUXNN,https://www.youtube.com/playlist?list=PL90QAKwVH1t6ZiRWzJXVsK5VHshUWUXNN,PC
Kovas,Ivy,wylde,Nightmare,LB,W,LB,LB,0,W,LY,W,W,0,SSLT 1,https://www.youtube.com/embed/videoseries?list=PL90QAKwVH1t6ZiRWzJXVsK5VHshUWUXNN,https://www.youtube.com/playlist?list=PL90QAKwVH1t6ZiRWzJXVsK5VHshUWUXNN,PC
Kovas,Ivy,wylde,Nightmare,LB,LB,LB,0,0,W,W,W,0,0,SSLT 1,https://www.youtube.com/embed/videoseries?list=PL90QAKwVH1t6ZiRWzJXVsK5VHshUWUXNN,https://www.youtube.com/playlist?list=PL90QAKwVH1t6ZiRWzJXVsK5VHshUWUXNN,PC
Kovas,Setsuka,wylde,Nightmare,LY,LB,LB,0,0,W,W,W,0,0,SSLT 1,https://www.youtube.com/embed/videoseries?list=PL90QAKwVH1t6ZiRWzJXVsK5VHshUWUXNN,https://www.youtube.com/playlist?list=PL90QAKwVH1t6ZiRWzJXVsK5VHshUWUXNN,PC
raynarrok,Setsuka,Kovas,Ivy,W,LB,W,LB,W,LB,W,LB,W,LY,SSLT 1,https://www.youtube.com/embed/videoseries?list=PL90QAKwVH1t6ZiRWzJXVsK5VHshUWUXNN,https://www.youtube.com/playlist?list=PL90QAKwVH1t6ZiRWzJXVsK5VHshUWUXNN,PC
Kovas,Ivy,raynarrok,Setsuka,W,LY,LB,W,LB,LB,W,W,LB,W,SSLT 1,https://www.youtube.com/embed/videoseries?list=PL90QAKwVH1t6ZiRWzJXVsK5VHshUWUXNN,https://www.youtube.com/playlist?list=PL90QAKwVH1t6ZiRWzJXVsK5VHshUWUXNN,PC
Kovas,Ivy,raynarrok,Setsuka,LY,LY,LY,0,0,W,W,W,0,0,SSLT 1,https://www.youtube.com/embed/videoseries?list=PL90QAKwVH1t6ZiRWzJXVsK5VHshUWUXNN,https://www.youtube.com/playlist?list=PL90QAKwVH1t6ZiRWzJXVsK5VHshUWUXNN,PC
wylde,Nightmare,raynarrok,Setsuka,LB,W,LB,LY,0,W,LB,W,W,0,SSLT 1,https://www.youtube.com/embed/videoseries?list=PL90QAKwVH1t6ZiRWzJXVsK5VHshUWUXNN,https://www.youtube.com/playlist?list=PL90QAKwVH1t6ZiRWzJXVsK5VHshUWUXNN,PC
wylde,Nightmare,raynarrok,Setsuka,W,W,W,0,0,LY,LB,LB,0,0,SSLT 1,https://www.youtube.com/embed/videoseries?list=PL90QAKwVH1t6ZiRWzJXVsK5VHshUWUXNN,https://www.youtube.com/playlist?list=PL90QAKwVH1t6ZiRWzJXVsK5VHshUWUXNN,PC
raynarrok,Setsuka,wylde,Nightmare,LY,LY,LB,0,0,W,W,W,0,0,SSLT 1,https://www.youtube.com/embed/videoseries?list=PL90QAKwVH1t6ZiRWzJXVsK5VHshUWUXNN,https://www.youtube.com/playlist?list=PL90QAKwVH1t6ZiRWzJXVsK5VHshUWUXNN,PC
raynarrok,Setsuka,wylde,Nightmare,LY,LB,LY,0,0,W,W,W,0,0,SSLT 1,https://www.youtube.com/embed/videoseries?list=PL90QAKwVH1t6ZiRWzJXVsK5VHshUWUXNN,https://www.youtube.com/playlist?list=PL90QAKwVH1t6ZiRWzJXVsK5VHshUWUXNN,PC
Kyorage,Hilde,Junixart,Talim,W,LB,PL,W,LB,LY,W,PW,LB,W,SSLT 2,https://www.youtube.com/embed/videoseries?list=PL90QAKwVH1t5JifOnEMH9G_j2b2Qv942f,https://www.youtube.com/playlist?list=PL90QAKwVH1t5JifOnEMH9G_j2b2Qv942f,PS4
Kyorage,Hilde,Junixart,Talim,W,LB,W,LY,LB,LB,W,LB,W,W,SSLT 2,https://www.youtube.com/embed/videoseries?list=PL90QAKwVH1t5JifOnEMH9G_j2b2Qv942f,https://www.youtube.com/playlist?list=PL90QAKwVH1t5JifOnEMH9G_j2b2Qv942f,PS4
Junixart,Talim,raynarrok,Setsuka,W,LY,LY,W,W,LB,W,W,LB,LB,SSLT 2,https://www.youtube.com/embed/videoseries?list=PL90QAKwVH1t5JifOnEMH9G_j2b2Qv942f,https://www.youtube.com/playlist?list=PL90QAKwVH1t5JifOnEMH9G_j2b2Qv942f,PS4
raynarrok,Setsuka,Junixart,Talim,PL,PL,LB,0,0,PW,PW,W,0,0,SSLT 2,https://www.youtube.com/embed/videoseries?list=PL90QAKwVH1t5JifOnEMH9G_j2b2Qv942f,https://www.youtube.com/playlist?list=PL90QAKwVH1t5JifOnEMH9G_j2b2Qv942f,PS4
Edu Bushi,Mitsurugi,Mastodon,Xianghua,W,W,LB,LB,W,LB,LB,W,W,LY,SSLT 2,https://www.youtube.com/embed/videoseries?list=PL90QAKwVH1t5JifOnEMH9G_j2b2Qv942f,https://www.youtube.com/playlist?list=PL90QAKwVH1t5JifOnEMH9G_j2b2Qv942f,PS4
Mastodon,Seong Mi-na,Edu Bushi,Mitsurugi,LB,LB,W,LY,0,W,W,LB,W,0,SSLT 2,https://www.youtube.com/embed/videoseries?list=PL90QAKwVH1t5JifOnEMH9G_j2b2Qv942f,https://www.youtube.com/playlist?list=PL90QAKwVH1t5JifOnEMH9G_j2b2Qv942f,PS4
Mastodon,Talim,raynarrok,Setsuka,LB,LB,W,LY,0,W,W,LB,W,0,SSLT 2,https://www.youtube.com/embed/videoseries?list=PL90QAKwVH1t5JifOnEMH9G_j2b2Qv942f,https://www.youtube.com/playlist?list=PL90QAKwVH1t5JifOnEMH9G_j2b2Qv942f,PS4
Mastodon,Talim,raynarrok,Setsuka,W,W,PW,0,0,LB,LY,PL,0,0,SSLT 2,https://www.youtube.com/embed/videoseries?list=PL90QAKwVH1t5JifOnEMH9G_j2b2Qv942f,https://www.youtube.com/playlist?list=PL90QAKwVH1t5JifOnEMH9G_j2b2Qv942f,PS4
raynarrok,Setsuka,Mastodon,Talim,W,W,LY,W,0,LY,LY,W,LB,0,SSLT 2,https://www.youtube.com/embed/videoseries?list=PL90QAKwVH1t5JifOnEMH9G_j2b2Qv942f,https://www.youtube.com/playlist?list=PL90QAKwVH1t5JifOnEMH9G_j2b2Qv942f,PS4
Edu Bushi,Mitsurugi,Junixart,Talim,LB,W,LB,LY,0,W,LB,W,W,0,SSLT 2,https://www.youtube.com/embed/videoseries?list=PL90QAKwVH1t5JifOnEMH9G_j2b2Qv942f,https://www.youtube.com/playlist?list=PL90QAKwVH1t5JifOnEMH9G_j2b2Qv942f,PS4
Edu Bushi,Mitsurugi,Junixart,Talim,W,LY,LB,LY,0,LB,W,W,W,0,SSLT 2,https://www.youtube.com/embed/videoseries?list=PL90QAKwVH1t5JifOnEMH9G_j2b2Qv942f,https://www.youtube.com/playlist?list=PL90QAKwVH1t5JifOnEMH9G_j2b2Qv942f,PS4
Edu Bushi,Mitsurugi,Junixart,Talim,W,W,LB,LB,LB,LB,LY,W,W,W,SSLT 2,https://www.youtube.com/embed/videoseries?list=PL90QAKwVH1t5JifOnEMH9G_j2b2Qv942f,https://www.youtube.com/playlist?list=PL90QAKwVH1t5JifOnEMH9G_j2b2Qv942f,PS4
raynarrok,Setsuka,Kyorage,Nightmare,LB,W,PL,W,W,W,LB,PW,LB,LY,SSLT 2,https://www.youtube.com/embed/videoseries?list=PL90QAKwVH1t5JifOnEMH9G_j2b2Qv942f,https://www.youtube.com/playlist?list=PL90QAKwVH1t5JifOnEMH9G_j2b2Qv942f,PS4
Kyorage,Nightmare,raynarrok,Setsuka,W,W,LB,LB,W,LY,LB,W,W,LB,SSLT 2,https://www.youtube.com/embed/videoseries?list=PL90QAKwVH1t5JifOnEMH9G_j2b2Qv942f,https://www.youtube.com/playlist?list=PL90QAKwVH1t5JifOnEMH9G_j2b2Qv942f,PS4
raynarrok,Hilde,Kyorage,Nightmare,W,W,LB,LY,PW,LB,LB,W,W,PL,SSLT 2,https://www.youtube.com/embed/videoseries?list=PL90QAKwVH1t5JifOnEMH9G_j2b2Qv942f,https://www.youtube.com/playlist?list=PL90QAKwVH1t5JifOnEMH9G_j2b2Qv942f,PS4
Edu Bushi,Mitsurugi,raynarrok,Amy,LB,LB,W,PW,PL,W,W,LB,PL,PW,SSLT 2,https://www.youtube.com/embed/videoseries?list=PL90QAKwVH1t5JifOnEMH9G_j2b2Qv942f,https://www.youtube.com/playlist?list=PL90QAKwVH1t5JifOnEMH9G_j2b2Qv942f,PS4
Edu Bushi,Mitsurugi,raynarrok,Amy,LB,W,W,PW,0,W,LB,LB,PL,0,SSLT 2,https://www.youtube.com/embed/videoseries?list=PL90QAKwVH1t5JifOnEMH9G_j2b2Qv942f,https://www.youtube.com/playlist?list=PL90QAKwVH1t5JifOnEMH9G_j2b2Qv942f,PS4
raynarrok,Talim,Edu Bushi,Mitsurugi,LY,LY,W,W,W,W,W,LB,LY,LB,SSLT 2,https://www.youtube.com/embed/videoseries?list=PL90QAKwVH1t5JifOnEMH9G_j2b2Qv942f,https://www.youtube.com/playlist?list=PL90QAKwVH1t5JifOnEMH9G_j2b2Qv942f,PS4
Edu Bushi,Mitsurugi,raynarrok,Talim,LY,LB,W,LB,0,W,W,LY,W,0,SSLT 2,https://www.youtube.com/embed/videoseries?list=PL90QAKwVH1t5JifOnEMH9G_j2b2Qv942f,https://www.youtube.com/playlist?list=PL90QAKwVH1t5JifOnEMH9G_j2b2Qv942f,PS4
Junixart,Talim,raynarrok,Setsuka,LB,LY,W,LY,0,W,W,LY,W,0,SSLT 2,https://www.youtube.com/embed/videoseries?list=PL90QAKwVH1t5JifOnEMH9G_j2b2Qv942f,https://www.youtube.com/playlist?list=PL90QAKwVH1t5JifOnEMH9G_j2b2Qv942f,PS4
Junixart,Talim,raynarrok,Setsuka,LB,LB,W,W,W,W,W,LY,LY,LY,SSLT 2,https://www.youtube.com/embed/videoseries?list=PL90QAKwVH1t5JifOnEMH9G_j2b2Qv942f,https://www.youtube.com/playlist?list=PL90QAKwVH1t5JifOnEMH9G_j2b2Qv942f,PS4
raynarrok,Setsuka,Junixart,Talim,LB,LY,LB,0,0,W,W,W,0,0,SSLT 2,https://www.youtube.com/embed/videoseries?list=PL90QAKwVH1t5JifOnEMH9G_j2b2Qv942f,https://www.youtube.com/playlist?list=PL90QAKwVH1t5JifOnEMH9G_j2b2Qv942f,PS4
raynarrok,Setsuka,Junixart,Talim,LY,W,LB,W,LB,W,LB,W,LY,W,SSLT 2,https://www.youtube.com/embed/videoseries?list=PL90QAKwVH1t5JifOnEMH9G_j2b2Qv942f,https://www.youtube.com/playlist?list=PL90QAKwVH1t5JifOnEMH9G_j2b2Qv942f,PS4
raynarrok,Setsuka,Ubitreides,Setsuka,LY,W,W,W,0,W,LB,LB,LB,0,SSLT 3,https://www.youtube.com/embed/videoseries?list=PL90QAKwVH1t7aeU5RkBA0rt4PqP9ENc1X,https://www.youtube.com/playlist?list=PL90QAKwVH1t7aeU5RkBA0rt4PqP9ENc1X,PC
Ubitreides,Setsuka,raynarrok,Setsuka,W,W,W,0,0,LB,LB,LB,0,0,SSLT 3,https://www.youtube.com/embed/videoseries?list=PL90QAKwVH1t7aeU5RkBA0rt4PqP9ENc1X,https://www.youtube.com/playlist?list=PL90QAKwVH1t7aeU5RkBA0rt4PqP9ENc1X,PC
raynarrok,Setsuka,Ubitreides,Setsuka,W,W,LB,W,0,LB,LY,W,LB,0,SSLT 3,https://www.youtube.com/embed/videoseries?list=PL90QAKwVH1t7aeU5RkBA0rt4PqP9ENc1X,https://www.youtube.com/playlist?list=PL90QAKwVH1t7aeU5RkBA0rt4PqP9ENc1X,PC
zen-x,Mitsurugi,Sigfrancis,Siegfried,W,LB,LY,W,W,LB,W,W,LB,LY,SSLT 3,https://www.youtube.com/embed/videoseries?list=PL90QAKwVH1t7aeU5RkBA0rt4PqP9ENc1X,https://www.youtube.com/playlist?list=PL90QAKwVH1t7aeU5RkBA0rt4PqP9ENc1X,PC
Sigfrancis,Siegfried,zen-x,Mitsurugi,W,LY,W,LB,W,LB,W,LB,W,LY,SSLT 3,https://www.youtube.com/embed/videoseries?list=PL90QAKwVH1t7aeU5RkBA0rt4PqP9ENc1X,https://www.youtube.com/playlist?list=PL90QAKwVH1t7aeU5RkBA0rt4PqP9ENc1X,PC
zen-x,Mitsurugi,Sigfrancis,Siegfried,LY,PW,W,W,0,W,PL,LB,LB,0,SSLT 3,https://www.youtube.com/embed/videoseries?list=PL90QAKwVH1t7aeU5RkBA0rt4PqP9ENc1X,https://www.youtube.com/playlist?list=PL90QAKwVH1t7aeU5RkBA0rt4PqP9ENc1X,PC
DonMarlboro,Nightmare,JaffarWolf,Geralt,LB,LB,W,LB,0,W,W,LB,W,0,SSLT 3,https://www.youtube.com/embed/videoseries?list=PL90QAKwVH1t7aeU5RkBA0rt4PqP9ENc1X,https://www.youtube.com/playlist?list=PL90QAKwVH1t7aeU5RkBA0rt4PqP9ENc1X,PC
DonMarlboro,Nightmare,JaffarWolf,Geralt,W,W,LY,W,0,LB,LB,W,LB,0,SSLT 3,https://www.youtube.com/embed/videoseries?list=PL90QAKwVH1t7aeU5RkBA0rt4PqP9ENc1X,https://www.youtube.com/playlist?list=PL90QAKwVH1t7aeU5RkBA0rt4PqP9ENc1X,PC
JaffarWolf,Groh,DonMarlboro,Nightmare,W,W,PL,W,0,LY,LB,PW,LB,0,SSLT 3,https://www.youtube.com/embed/videoseries?list=PL90QAKwVH1t7aeU5RkBA0rt4PqP9ENc1X,https://www.youtube.com/playlist?list=PL90QAKwVH1t7aeU5RkBA0rt4PqP9ENc1X,PC
Eche,Seong Mi-na,wylde,Nightmare,W,PL,W,LB,W,LB,PW,LB,W,LY,SSLT 3,https://www.youtube.com/embed/videoseries?list=PL90QAKwVH1t7aeU5RkBA0rt4PqP9ENc1X,https://www.youtube.com/playlist?list=PL90QAKwVH1t7aeU5RkBA0rt4PqP9ENc1X,PC
wylde,Nightmare,Eche,Seong Mi-na,LB,W,LB,W,W,W,LB,W,LY,LY,SSLT 3,https://www.youtube.com/embed/videoseries?list=PL90QAKwVH1t7aeU5RkBA0rt4PqP9ENc1X,https://www.youtube.com/playlist?list=PL90QAKwVH1t7aeU5RkBA0rt4PqP9ENc1X,PC
Eche,Seong Mi-na,wylde,Nightmare,W,LB,LB,W,LY,LY,W,W,LB,W,SSLT 3,https://www.youtube.com/embed/videoseries?list=PL90QAKwVH1t7aeU5RkBA0rt4PqP9ENc1X,https://www.youtube.com/playlist?list=PL90QAKwVH1t7aeU5RkBA0rt4PqP9ENc1X,PC
Ubitreides,Setsuka,Sigfrancis,Yoshimitsu,LB,PL,LY,0,0,W,PW,W,0,0,SSLT 3,https://www.youtube.com/embed/videoseries?list=PL90QAKwVH1t7aeU5RkBA0rt4PqP9ENc1X,https://www.youtube.com/playlist?list=PL90QAKwVH1t7aeU5RkBA0rt4PqP9ENc1X,PC
Ubitreides,Setsuka,Sigfrancis,Yoshimitsu,LB,W,W,LB,W,W,LB,LY,W,LY,SSLT 3,https://www.youtube.com/embed/videoseries?list=PL90QAKwVH1t7aeU5RkBA0rt4PqP9ENc1X,https://www.youtube.com/playlist?list=PL90QAKwVH1t7aeU5RkBA0rt4PqP9ENc1X,PC
Sigfrancis,Yoshimitsu,Ubitreides,Setsuka,W,LY,LY,W,LB,LB,W,W,LY,W,SSLT 3,https://www.youtube.com/embed/videoseries?list=PL90QAKwVH1t7aeU5RkBA0rt4PqP9ENc1X,https://www.youtube.com/playlist?list=PL90QAKwVH1t7aeU5RkBA0rt4PqP9ENc1X,PC
DonMarlboro,Nightmare,Eche,Seong Mi-na,W,LY,W,LB,LB,LB,W,LY,W,W,SSLT 3,https://www.youtube.com/embed/videoseries?list=PL90QAKwVH1t7aeU5RkBA0rt4PqP9ENc1X,https://www.youtube.com/playlist?list=PL90QAKwVH1t7aeU5RkBA0rt4PqP9ENc1X,PC
DonMarlboro,Nightmare,Eche,Seong Mi-na,W,W,LB,W,0,LB,LB,W,LB,0,SSLT 3,https://www.youtube.com/embed/videoseries?list=PL90QAKwVH1t7aeU5RkBA0rt4PqP9ENc1X,https://www.youtube.com/playlist?list=PL90QAKwVH1t7aeU5RkBA0rt4PqP9ENc1X,PC
Eche,Seong Mi-na,DonMarlboro,Nightmare,LY,LB,W,W,W,W,W,LB,LB,LB,SSLT 3,https://www.youtube.com/embed/videoseries?list=PL90QAKwVH1t7aeU5RkBA0rt4PqP9ENc1X,https://www.youtube.com/playlist?list=PL90QAKwVH1t7aeU5RkBA0rt4PqP9ENc1X,PC
zen-x,Mitsurugi,raynarrok,Setsuka,W,LY,W,LY,W,LB,W,LY,W,LB,SSLT 3,https://www.youtube.com/embed/videoseries?list=PL90QAKwVH1t7aeU5RkBA0rt4PqP9ENc1X,https://www.youtube.com/playlist?list=PL90QAKwVH1t7aeU5RkBA0rt4PqP9ENc1X,PC
raynarrok,Setsuka,zen-x,Mitsurugi,LB,LB,LB,0,0,W,W,W,0,0,SSLT 3,https://www.youtube.com/embed/videoseries?list=PL90QAKwVH1t7aeU5RkBA0rt4PqP9ENc1X,https://www.youtube.com/playlist?list=PL90QAKwVH1t7aeU5RkBA0rt4PqP9ENc1X,PC
JaffarWolf,Geralt,wylde,Nightmare,LB,W,LB,LB,0,W,LB,W,W,0,SSLT 3,https://www.youtube.com/embed/videoseries?list=PL90QAKwVH1t7aeU5RkBA0rt4PqP9ENc1X,https://www.youtube.com/playlist?list=PL90QAKwVH1t7aeU5RkBA0rt4PqP9ENc1X,PC
JaffarWolf,Groh,wylde,Nightmare,LB,LY,W,LB,0,W,W,LB,W,0,SSLT 3,https://www.youtube.com/embed/videoseries?list=PL90QAKwVH1t7aeU5RkBA0rt4PqP9ENc1X,https://www.youtube.com/playlist?list=PL90QAKwVH1t7aeU5RkBA0rt4PqP9ENc1X,PC
JaffarWolf,Geralt,Ubitreides,Setsuka,W,LB,W,W,0,LB,W,LB,LB,0,SSLT 3,https://www.youtube.com/embed/videoseries?list=PL90QAKwVH1t7aeU5RkBA0rt4PqP9ENc1X,https://www.youtube.com/playlist?list=PL90QAKwVH1t7aeU5RkBA0rt4PqP9ENc1X,PC
Ubitreides,Setsuka,JaffarWolf,Geralt,LY,W,LY,W,W,W,LY,W,LY,LB,SSLT 3,https://www.youtube.com/embed/videoseries?list=PL90QAKwVH1t7aeU5RkBA0rt4PqP9ENc1X,https://www.youtube.com/playlist?list=PL90QAKwVH1t7aeU5RkBA0rt4PqP9ENc1X,PC
JaffarWolf,Geralt,Ubitreides,Setsuka,W,LY,W,LB,W,LB,W,LY,W,LB,SSLT 3,https://www.youtube.com/embed/videoseries?list=PL90QAKwVH1t7aeU5RkBA0rt4PqP9ENc1X,https://www.youtube.com/playlist?list=PL90QAKwVH1t7aeU5RkBA0rt4PqP9ENc1X,PC
raynarrok,Hilde,Eche,Seong Mi-na,W,W,W,0,0,LY,LB,LB,0,0,SSLT 3,https://www.youtube.com/embed/videoseries?list=PL90QAKwVH1t7aeU5RkBA0rt4PqP9ENc1X,https://www.youtube.com/playlist?list=PL90QAKwVH1t7aeU5RkBA0rt4PqP9ENc1X,PC
Eche,Seong Mi-na,raynarrok,Hilde,LB,W,LB,LB,0,W,LB,W,W,0,SSLT 3,https://www.youtube.com/embed/videoseries?list=PL90QAKwVH1t7aeU5RkBA0rt4PqP9ENc1X,https://www.youtube.com/playlist?list=PL90QAKwVH1t7aeU5RkBA0rt4PqP9ENc1X,PC
zen-x,Mitsurugi,wylde,Nightmare,W,LB,W,LY,LB,LB,W,LB,W,W,SSLT 3,https://www.youtube.com/embed/videoseries?list=PL90QAKwVH1t7aeU5RkBA0rt4PqP9ENc1X,https://www.youtube.com/playlist?list=PL90QAKwVH1t7aeU5RkBA0rt4PqP9ENc1X,PC
zen-x,Mitsurugi,wylde,Nightmare,LY,W,LB,PW,LY,W,LY,W,PL,W,SSLT 3,https://www.youtube.com/embed/videoseries?list=PL90QAKwVH1t7aeU5RkBA0rt4PqP9ENc1X,https://www.youtube.com/playlist?list=PL90QAKwVH1t7aeU5RkBA0rt4PqP9ENc1X,PC
zen-x,Mitsurugi,wylde,Nightmare,W,LB,W,LB,LB,LY,W,LB,W,W,SSLT 3,https://www.youtube.com/embed/videoseries?list=PL90QAKwVH1t7aeU5RkBA0rt4PqP9ENc1X,https://www.youtube.com/playlist?list=PL90QAKwVH1t7aeU5RkBA0rt4PqP9ENc1X,PC
raynarrok,Zasalamel,JaffarWolf,Geralt,W,W,W,0,0,LB,LY,LB,0,0,SSLT 3,https://www.youtube.com/embed/videoseries?list=PL90QAKwVH1t7aeU5RkBA0rt4PqP9ENc1X,https://www.youtube.com/playlist?list=PL90QAKwVH1t7aeU5RkBA0rt4PqP9ENc1X,PC
JaffarWolf,Raphael,raynarrok,Zasalamel,LY,LB,PW,LB,0,W,W,PL,W,0,SSLT 3,https://www.youtube.com/embed/videoseries?list=PL90QAKwVH1t7aeU5RkBA0rt4PqP9ENc1X,https://www.youtube.com/playlist?list=PL90QAKwVH1t7aeU5RkBA0rt4PqP9ENc1X,PC
zen-x,Mitsurugi,raynarrok,Talim,LB,LB,W,LY,0,W,W,LB,W,0,SSLT 3,https://www.youtube.com/embed/videoseries?list=PL90QAKwVH1t7aeU5RkBA0rt4PqP9ENc1X,https://www.youtube.com/playlist?list=PL90QAKwVH1t7aeU5RkBA0rt4PqP9ENc1X,PC
zen-x,Mitsurugi,raynarrok,Talim,LB,LY,W,LB,0,W,W,LB,W,0,SSLT 3,https://www.youtube.com/embed/videoseries?list=PL90QAKwVH1t7aeU5RkBA0rt4PqP9ENc1X,https://www.youtube.com/playlist?list=PL90QAKwVH1t7aeU5RkBA0rt4PqP9ENc1X,PC
zen-x,Mitsurugi,raynarrok,Talim,W,W,W,0,0,LB,LB,LB,0,0,SSLT 3,https://www.youtube.com/embed/videoseries?list=PL90QAKwVH1t7aeU5RkBA0rt4PqP9ENc1X,https://www.youtube.com/playlist?list=PL90QAKwVH1t7aeU5RkBA0rt4PqP9ENc1X,PC
raynarrok,Talim,zen-x,Mitsurugi,W,W,LB,W,0,LY,LB,W,LB,0,SSLT 3,https://www.youtube.com/embed/videoseries?list=PL90QAKwVH1t7aeU5RkBA0rt4PqP9ENc1X,https://www.youtube.com/playlist?list=PL90QAKwVH1t7aeU5RkBA0rt4PqP9ENc1X,PC
wylde,Nightmare,raynarrok,Talim,W,W,W,0,0,LB,LY,LY,0,0,SSLT 3,https://www.youtube.com/embed/videoseries?list=PL90QAKwVH1t7aeU5RkBA0rt4PqP9ENc1X,https://www.youtube.com/playlist?list=PL90QAKwVH1t7aeU5RkBA0rt4PqP9ENc1X,PC
raynarrok,Talim,wylde,Nightmare,W,W,LB,LB,LY,LB,LB,W,W,W,SSLT 3,https://www.youtube.com/embed/videoseries?list=PL90QAKwVH1t7aeU5RkBA0rt4PqP9ENc1X,https://www.youtube.com/playlist?list=PL90QAKwVH1t7aeU5RkBA0rt4PqP9ENc1X,PC
raynarrok,Hilde,wylde,Nightmare,LY,LB,PW,LY,0,W,W,PL,W,0,SSLT 3,https://www.youtube.com/embed/videoseries?list=PL90QAKwVH1t7aeU5RkBA0rt4PqP9ENc1X,https://www.youtube.com/playlist?list=PL90QAKwVH1t7aeU5RkBA0rt4PqP9ENc1X,PC
Leospirandio,Cassandra,Sagadalius,Voldo,W,W,W,0,0,LY,LB,LB,0,0,SSLT 4,https://www.youtube.com/embed/videoseries?list=PL90QAKwVH1t4-aJ4OFCsiDn2tJbiD79pN,https://www.youtube.com/playlist?list=PL90QAKwVH1t4-aJ4OFCsiDn2tJbiD79pN,PS4
Sagadalius,Maxi,Leospirandio,Cassandra,LB,W,LB,LY,0,W,LY,W,W,0,SSLT 4,https://www.youtube.com/embed/videoseries?list=PL90QAKwVH1t4-aJ4OFCsiDn2tJbiD79pN,https://www.youtube.com/playlist?list=PL90QAKwVH1t4-aJ4OFCsiDn2tJbiD79pN,PS4
Estebangris,Haohmaru,Gontranno,Tira,W,LY,LY,LB,0,LY,W,W,W,0,SSLT 4,https://www.youtube.com/embed/videoseries?list=PL90QAKwVH1t4-aJ4OFCsiDn2tJbiD79pN,https://www.youtube.com/playlist?list=PL90QAKwVH1t4-aJ4OFCsiDn2tJbiD79pN,PS4
Estebangris,Maxi,Gontranno,Tira,LB,LY,LY,0,0,W,W,W,0,0,SSLT 4,https://www.youtube.com/embed/videoseries?list=PL90QAKwVH1t4-aJ4OFCsiDn2tJbiD79pN,https://www.youtube.com/playlist?list=PL90QAKwVH1t4-aJ4OFCsiDn2tJbiD79pN,PS4
Mastodon,Xianghua,Lang,Cassandra,LB,LB,W,PL,0,W,W,LB,PW,0,SSLT 4,https://www.youtube.com/embed/videoseries?list=PL90QAKwVH1t4-aJ4OFCsiDn2tJbiD79pN,https://www.youtube.com/playlist?list=PL90QAKwVH1t4-aJ4OFCsiDn2tJbiD79pN,PS4
Mastodon,Seong Mi-na,Lang,Cassandra,LB,LB,LB,0,0,W,W,W,0,0,SSLT 4,https://www.youtube.com/embed/videoseries?list=PL90QAKwVH1t4-aJ4OFCsiDn2tJbiD79pN,https://www.youtube.com/playlist?list=PL90QAKwVH1t4-aJ4OFCsiDn2tJbiD79pN,PS4
Ozkuervo,Maxi,Kyorage,Xianghua,LB,LB,LB,0,0,W,W,W,0,0,SSLT 4,https://www.youtube.com/embed/videoseries?list=PL90QAKwVH1t4-aJ4OFCsiDn2tJbiD79pN,https://www.youtube.com/playlist?list=PL90QAKwVH1t4-aJ4OFCsiDn2tJbiD79pN,PS4
Ozkuervo,Maxi,Kyorage,Xianghua,LB,LB,PL,0,0,W,W,PW,0,0,SSLT 4,https://www.youtube.com/embed/videoseries?list=PL90QAKwVH1t4-aJ4OFCsiDn2tJbiD79pN,https://www.youtube.com/playlist?list=PL90QAKwVH1t4-aJ4OFCsiDn2tJbiD79pN,PS4
Estebangris,Voldo,Sagadalius,Voldo,W,LY,W,LY,W,LY,W,LB,W,LB,SSLT 4,https://www.youtube.com/embed/videoseries?list=PL90QAKwVH1t4-aJ4OFCsiDn2tJbiD79pN,https://www.youtube.com/playlist?list=PL90QAKwVH1t4-aJ4OFCsiDn2tJbiD79pN,PS4
Sagadalius,Voldo,Estebangris,Voldo,LB,LB,W,W,W,W,W,LY,LY,LY,SSLT 4,https://www.youtube.com/embed/videoseries?list=PL90QAKwVH1t4-aJ4OFCsiDn2tJbiD79pN,https://www.youtube.com/playlist?list=PL90QAKwVH1t4-aJ4OFCsiDn2tJbiD79pN,PS4
Estebangris,Cervantes,Sagadalius,Voldo,W,W,W,0,0,LB,LB,LY,0,0,SSLT 4,https://www.youtube.com/embed/videoseries?list=PL90QAKwVH1t4-aJ4OFCsiDn2tJbiD79pN,https://www.youtube.com/playlist?list=PL90QAKwVH1t4-aJ4OFCsiDn2tJbiD79pN,PS4
Ozkuervo,Maxi,Mastodon,Talim,W,W,LY,LY,LB,LB,LB,W,W,W,SSLT 4,https://www.youtube.com/embed/videoseries?list=PL90QAKwVH1t4-aJ4OFCsiDn2tJbiD79pN,https://www.youtube.com/playlist?list=PL90QAKwVH1t4-aJ4OFCsiDn2tJbiD79pN,PS4
Ozkuervo,Maxi,Mastodon,Talim,W,LB,LB,LB,0,LB,W,W,W,0,SSLT 4,https://www.youtube.com/embed/videoseries?list=PL90QAKwVH1t4-aJ4OFCsiDn2tJbiD79pN,https://www.youtube.com/playlist?list=PL90QAKwVH1t4-aJ4OFCsiDn2tJbiD79pN,PS4
Leospirandio,Cassandra,Gontranno,Astaroth,LB,LB,W,PL,0,W,W,LB,PW,0,SSLT 4,https://www.youtube.com/embed/videoseries?list=PL90QAKwVH1t4-aJ4OFCsiDn2tJbiD79pN,https://www.youtube.com/playlist?list=PL90QAKwVH1t4-aJ4OFCsiDn2tJbiD79pN,PS4
Leospirandio,Zasalamel,Gontranno,Astaroth,LB,W,LB,LY,0,W,LB,W,W,0,SSLT 4,https://www.youtube.com/embed/videoseries?list=PL90QAKwVH1t4-aJ4OFCsiDn2tJbiD79pN,https://www.youtube.com/playlist?list=PL90QAKwVH1t4-aJ4OFCsiDn2tJbiD79pN,PS4
Lang,Sophitia,Kyorage,Xianghua,LB,W,LY,W,W,W,LB,W,LB,LB,SSLT 4,https://www.youtube.com/embed/videoseries?list=PL90QAKwVH1t4-aJ4OFCsiDn2tJbiD79pN,https://www.youtube.com/playlist?list=PL90QAKwVH1t4-aJ4OFCsiDn2tJbiD79pN,PS4
Kyorage,Xianghua,Lang,Sophitia,W,LY,LY,W,LY,LB,W,W,LY,W,SSLT 4,https://www.youtube.com/embed/videoseries?list=PL90QAKwVH1t4-aJ4OFCsiDn2tJbiD79pN,https://www.youtube.com/playlist?list=PL90QAKwVH1t4-aJ4OFCsiDn2tJbiD79pN,PS4
Estebangris,Voldo,Kyorage,Hilde,LB,LB,LB,0,0,W,W,W,0,0,SSLT 4,https://www.youtube.com/embed/videoseries?list=PL90QAKwVH1t4-aJ4OFCsiDn2tJbiD79pN,https://www.youtube.com/playlist?list=PL90QAKwVH1t4-aJ4OFCsiDn2tJbiD79pN,PS4
Estebangris,Maxi,Kyorage,Hilde,LB,W,W,LB,W,W,LB,LB,W,LB,SSLT 4,https://www.youtube.com/embed/videoseries?list=PL90QAKwVH1t4-aJ4OFCsiDn2tJbiD79pN,https://www.youtube.com/playlist?list=PL90QAKwVH1t4-aJ4OFCsiDn2tJbiD79pN,PS4
Kyorage,Xianghua,Estebangris,Maxi,W,W,W,0,0,LB,LB,LY,0,0,SSLT 4,https://www.youtube.com/embed/videoseries?list=PL90QAKwVH1t4-aJ4OFCsiDn2tJbiD79pN,https://www.youtube.com/playlist?list=PL90QAKwVH1t4-aJ4OFCsiDn2tJbiD79pN,PS4
Mastodon,Talim,Leospirandio,Cassandra,LB,LB,LB,0,0,W,W,W,0,0,SSLT 4,https://www.youtube.com/embed/videoseries?list=PL90QAKwVH1t4-aJ4OFCsiDn2tJbiD79pN,https://www.youtube.com/playlist?list=PL90QAKwVH1t4-aJ4OFCsiDn2tJbiD79pN,PS4
Mastodon,Seong Mi-na,Leospirandio,Cassandra,LB,LB,LY,0,0,W,W,W,0,0,SSLT 4,https://www.youtube.com/embed/videoseries?list=PL90QAKwVH1t4-aJ4OFCsiDn2tJbiD79pN,https://www.youtube.com/playlist?list=PL90QAKwVH1t4-aJ4OFCsiDn2tJbiD79pN,PS4
Lang,2B,Gontranno,Astaroth,LY,W,W,W,0,W,LB,LY,LB,0,SSLT 4,https://www.youtube.com/embed/videoseries?list=PL90QAKwVH1t4-aJ4OFCsiDn2tJbiD79pN,https://www.youtube.com/playlist?list=PL90QAKwVH1t4-aJ4OFCsiDn2tJbiD79pN,PS4
Gontranno,Astaroth,Lang,2B,LB,LB,W,W,PL,W,W,LY,LY,PW,SSLT 4,https://www.youtube.com/embed/videoseries?list=PL90QAKwVH1t4-aJ4OFCsiDn2tJbiD79pN,https://www.youtube.com/playlist?list=PL90QAKwVH1t4-aJ4OFCsiDn2tJbiD79pN,PS4
Gontranno,Astaroth,Lang,2B,W,LB,W,W,0,LY,W,LY,LY,0,SSLT 4,https://www.youtube.com/embed/videoseries?list=PL90QAKwVH1t4-aJ4OFCsiDn2tJbiD79pN,https://www.youtube.com/playlist?list=PL90QAKwVH1t4-aJ4OFCsiDn2tJbiD79pN,PS4
Lang,2B,Gontranno,Astaroth,W,LY,LB,W,LB,LY,W,W,LB,W,SSLT 4,https://www.youtube.com/embed/videoseries?list=PL90QAKwVH1t4-aJ4OFCsiDn2tJbiD79pN,https://www.youtube.com/playlist?list=PL90QAKwVH1t4-aJ4OFCsiDn2tJbiD79pN,PS4
Lang,2B,Gontranno,Astaroth,W,W,W,0,0,LB,LB,LB,0,0,SSLT 4,https://www.youtube.com/embed/videoseries?list=PL90QAKwVH1t4-aJ4OFCsiDn2tJbiD79pN,https://www.youtube.com/playlist?list=PL90QAKwVH1t4-aJ4OFCsiDn2tJbiD79pN,PS4
Leospirandio,Cassandra,Kyorage,Xianghua,W,LB,LY,W,LB,LB,W,W,LB,W,SSLT 4,https://www.youtube.com/embed/videoseries?list=PL90QAKwVH1t4-aJ4OFCsiDn2tJbiD79pN,https://www.youtube.com/playlist?list=PL90QAKwVH1t4-aJ4OFCsiDn2tJbiD79pN,PS4
Leospirandio,Cassandra,Kyorage,Xianghua,LB,LB,W,W,LB,W,W,LB,LY,W,SSLT 4,https://www.youtube.com/embed/videoseries?list=PL90QAKwVH1t4-aJ4OFCsiDn2tJbiD79pN,https://www.youtube.com/playlist?list=PL90QAKwVH1t4-aJ4OFCsiDn2tJbiD79pN,PS4
Gontranno,Astaroth,Kyorage,Hilde,LB,LY,W,W,LB,W,W,LY,LB,W,SSLT 4,https://www.youtube.com/embed/videoseries?list=PL90QAKwVH1t4-aJ4OFCsiDn2tJbiD79pN,https://www.youtube.com/playlist?list=PL90QAKwVH1t4-aJ4OFCsiDn2tJbiD79pN,PS4
Gontranno,Astaroth,Kyorage,Hilde,W,W,LB,W,0,LB,LY,W,LY,0,SSLT 4,https://www.youtube.com/embed/videoseries?list=PL90QAKwVH1t4-aJ4OFCsiDn2tJbiD79pN,https://www.youtube.com/playlist?list=PL90QAKwVH1t4-aJ4OFCsiDn2tJbiD79pN,PS4
Kyorage,Hilde,Gontranno,Astaroth,LB,LY,LB,0,0,W,W,W,0,0,SSLT 4,https://www.youtube.com/embed/videoseries?list=PL90QAKwVH1t4-aJ4OFCsiDn2tJbiD79pN,https://www.youtube.com/playlist?list=PL90QAKwVH1t4-aJ4OFCsiDn2tJbiD79pN,PS4
Kyorage,Nightmare,Gontranno,Astaroth,LY,W,W,LB,W,W,LB,LB,W,LB,SSLT 4,https://www.youtube.com/embed/videoseries?list=PL90QAKwVH1t4-aJ4OFCsiDn2tJbiD79pN,https://www.youtube.com/playlist?list=PL90QAKwVH1t4-aJ4OFCsiDn2tJbiD79pN,PS4
Gontranno,Astaroth,Kyorage,Nightmare,LB,LB,LB,0,0,W,W,W,0,0,SSLT 4,https://www.youtube.com/embed/videoseries?list=PL90QAKwVH1t4-aJ4OFCsiDn2tJbiD79pN,https://www.youtube.com/playlist?list=PL90QAKwVH1t4-aJ4OFCsiDn2tJbiD79pN,PS4
Lang,Cassandra,Kyorage,Xianghua,W,LB,W,W,0,LB,W,LB,LY,0,SSLT 4,https://www.youtube.com/embed/videoseries?list=PL90QAKwVH1t4-aJ4OFCsiDn2tJbiD79pN,https://www.youtube.com/playlist?list=PL90QAKwVH1t4-aJ4OFCsiDn2tJbiD79pN,PS4
Kyorage,Xianghua,Lang,Cassandra,LY,LB,LB,0,0,W,W,W,0,0,SSLT 4,https://www.youtube.com/embed/videoseries?list=PL90QAKwVH1t4-aJ4OFCsiDn2tJbiD79pN,https://www.youtube.com/playlist?list=PL90QAKwVH1t4-aJ4OFCsiDn2tJbiD79pN,PS4
Kyorage,Xianghua,Lang,Cassandra,LB,LY,LB,0,0,W,W,W,0,0,SSLT 4,https://www.youtube.com/embed/videoseries?list=PL90QAKwVH1t4-aJ4OFCsiDn2tJbiD79pN,https://www.youtube.com/playlist?list=PL90QAKwVH1t4-aJ4OFCsiDn2tJbiD79pN,PS4
Kovas,Ivy,JaffarWolf,Groh,PL,W,LB,LY,0,PW,LY,W,W,0,SSLT 5,https://www.youtube.com/embed/videoseries?list=PL90QAKwVH1t4PqvHYY2huzlTjLaWIDr6G,https://www.youtube.com/playlist?list=PL90QAKwVH1t4PqvHYY2huzlTjLaWIDr6G,PC
Kovas,Ivy,JaffarWolf,Groh,LB,LB,LB,0,0,W,W,W,0,0,SSLT 5,https://www.youtube.com/embed/videoseries?list=PL90QAKwVH1t4PqvHYY2huzlTjLaWIDr6G,https://www.youtube.com/playlist?list=PL90QAKwVH1t4PqvHYY2huzlTjLaWIDr6G,PC
Marv,Seong Mi-na,Megarl,Cassandra,LY,PW,PW,W,0,W,PL,PL,LB,0,SSLT 5,https://www.youtube.com/embed/videoseries?list=PL90QAKwVH1t4PqvHYY2huzlTjLaWIDr6G,https://www.youtube.com/playlist?list=PL90QAKwVH1t4PqvHYY2huzlTjLaWIDr6G,PC
Megarl,Sophitia,Marv,Seong Mi-na,LB,LB,LY,0,0,W,W,W,0,0,SSLT 5,https://www.youtube.com/embed/videoseries?list=PL90QAKwVH1t4PqvHYY2huzlTjLaWIDr6G,https://www.youtube.com/playlist?list=PL90QAKwVH1t4PqvHYY2huzlTjLaWIDr6G,PC
zen-x,Mitsurugi,Fire Red,Taki,W,LB,LB,W,W,LY,W,W,LY,LY,SSLT 5,https://www.youtube.com/embed/videoseries?list=PL90QAKwVH1t4PqvHYY2huzlTjLaWIDr6G,https://www.youtube.com/playlist?list=PL90QAKwVH1t4PqvHYY2huzlTjLaWIDr6G,PC
Fire Red,Taki,zen-x,Mitsurugi,LB,LY,LY,0,0,W,W,W,0,0,SSLT 5,https://www.youtube.com/embed/videoseries?list=PL90QAKwVH1t4PqvHYY2huzlTjLaWIDr6G,https://www.youtube.com/playlist?list=PL90QAKwVH1t4PqvHYY2huzlTjLaWIDr6G,PC
Maxxus,Siegfried,Never,2B,W,W,W,0,0,LB,LB,LB,0,0,SSLT 5,https://www.youtube.com/embed/videoseries?list=PL90QAKwVH1t4PqvHYY2huzlTjLaWIDr6G,https://www.youtube.com/playlist?list=PL90QAKwVH1t4PqvHYY2huzlTjLaWIDr6G,PC
Never,2B,Maxxus,Siegfried,PL,LB,LW,0,0,PW,W,W,0,0,SSLT 5,https://www.youtube.com/embed/videoseries?list=PL90QAKwVH1t4PqvHYY2huzlTjLaWIDr6G,https://www.youtube.com/playlist?list=PL90QAKwVH1t4PqvHYY2huzlTjLaWIDr6G,PC
Megarl,Cassandra,Kovas,Ivy,LB,W,LB,LB,0,W,LB,W,W,0,SSLT 5,https://www.youtube.com/embed/videoseries?list=PL90QAKwVH1t4PqvHYY2huzlTjLaWIDr6G,https://www.youtube.com/playlist?list=PL90QAKwVH1t4PqvHYY2huzlTjLaWIDr6G,PC
Megarl,Cassandra,Kovas,Ivy,LY,LB,LY,0,0,W,W,W,0,0,SSLT 5,https://www.youtube.com/embed/videoseries?list=PL90QAKwVH1t4PqvHYY2huzlTjLaWIDr6G,https://www.youtube.com/playlist?list=PL90QAKwVH1t4PqvHYY2huzlTjLaWIDr6G,PC
Marv,Seong Mi-na,JaffarWolf,Groh,PL,W,W,W,0,PW,LB,LB,LB,0,SSLT 5,https://www.youtube.com/embed/videoseries?list=PL90QAKwVH1t4PqvHYY2huzlTjLaWIDr6G,https://www.youtube.com/playlist?list=PL90QAKwVH1t4PqvHYY2huzlTjLaWIDr6G,PC
JaffarWolf,Groh,Marv,Seong Mi-na,PL,LB,PL,0,0,PW,W,PW,0,0,SSLT 5,https://www.youtube.com/embed/videoseries?list=PL90QAKwVH1t4PqvHYY2huzlTjLaWIDr6G,https://www.youtube.com/playlist?list=PL90QAKwVH1t4PqvHYY2huzlTjLaWIDr6G,PC
Maxxus,Siegfried,zen-x,Mitsurugi,LB,W,PL,W,LB,W,LY,PW,LB,W,SSLT 5,https://www.youtube.com/embed/videoseries?list=PL90QAKwVH1t4PqvHYY2huzlTjLaWIDr6G,https://www.youtube.com/playlist?list=PL90QAKwVH1t4PqvHYY2huzlTjLaWIDr6G,PC
Maxxus,Siegfried,zen-x,Mitsurugi,W,LB,W,LB,LB,LY,W,LB,W,W,SSLT 5,https://www.youtube.com/embed/videoseries?list=PL90QAKwVH1t4PqvHYY2huzlTjLaWIDr6G,https://www.youtube.com/playlist?list=PL90QAKwVH1t4PqvHYY2huzlTjLaWIDr6G,PC
JaffarWolf,Groh,Fire Red,Taki,LY,PL,LY,0,0,W,PW,W,0,0,SSLT 5,https://www.youtube.com/embed/videoseries?list=PL90QAKwVH1t4PqvHYY2huzlTjLaWIDr6G,https://www.youtube.com/playlist?list=PL90QAKwVH1t4PqvHYY2huzlTjLaWIDr6G,PC
JaffarWolf,Groh,Fire Red,Taki,PL,LY,W,LB,0,PW,W,LY,W,0,SSLT 5,https://www.youtube.com/embed/videoseries?list=PL90QAKwVH1t4PqvHYY2huzlTjLaWIDr6G,https://www.youtube.com/playlist?list=PL90QAKwVH1t4PqvHYY2huzlTjLaWIDr6G,PC
Maxxus,Siegfried,Kovas,Ivy,LB,LY,LY,0,0,W,W,W,0,0,SSLT 5,https://www.youtube.com/embed/videoseries?list=PL90QAKwVH1t4PqvHYY2huzlTjLaWIDr6G,https://www.youtube.com/playlist?list=PL90QAKwVH1t4PqvHYY2huzlTjLaWIDr6G,PC
Maxxus,Nightmare,Kovas,Ivy,W,W,LB,W,0,LB,LB,W,LB,0,SSLT 5,https://www.youtube.com/embed/videoseries?list=PL90QAKwVH1t4PqvHYY2huzlTjLaWIDr6G,https://www.youtube.com/playlist?list=PL90QAKwVH1t4PqvHYY2huzlTjLaWIDr6G,PC
Kovas,Ivy,Maxxus,Nightmare,LY,LY,W,W,LB,W,W,LB,LY,W,SSLT 5,https://www.youtube.com/embed/videoseries?list=PL90QAKwVH1t4PqvHYY2huzlTjLaWIDr6G,https://www.youtube.com/playlist?list=PL90QAKwVH1t4PqvHYY2huzlTjLaWIDr6G,PC
Maxxus,Geralt,Fire Red,Taki,W,LB,W,LB,LB,LY,W,LY,W,W,SSLT 5,https://www.youtube.com/embed/videoseries?list=PL90QAKwVH1t4PqvHYY2huzlTjLaWIDr6G,https://www.youtube.com/playlist?list=PL90QAKwVH1t4PqvHYY2huzlTjLaWIDr6G,PC
Maxxus,Geralt,Fire Red,Taki,W,W,PL,LB,LB,LY,LB,PW,W,W,SSLT 5,https://www.youtube.com/embed/videoseries?list=PL90QAKwVH1t4PqvHYY2huzlTjLaWIDr6G,https://www.youtube.com/playlist?list=PL90QAKwVH1t4PqvHYY2huzlTjLaWIDr6G,PC
Marv,Seong Mi-na,zen-x,Mitsurugi,W,W,LB,W,0,LB,LY,W,LB,0,SSLT 5,https://www.youtube.com/embed/videoseries?list=PL90QAKwVH1t4PqvHYY2huzlTjLaWIDr6G,https://www.youtube.com/playlist?list=PL90QAKwVH1t4PqvHYY2huzlTjLaWIDr6G,PC
zen-x,Mitsurugi,Marv,Seong Mi-na,LB,LB,LB,0,0,W,W,W,0,0,SSLT 5,https://www.youtube.com/embed/videoseries?list=PL90QAKwVH1t4PqvHYY2huzlTjLaWIDr6G,https://www.youtube.com/playlist?list=PL90QAKwVH1t4PqvHYY2huzlTjLaWIDr6G,PC
zen-x,Mitsurugi,Marv,Seong Mi-na,LY,LY,LB,0,0,W,W,W,0,0,SSLT 5,https://www.youtube.com/embed/videoseries?list=PL90QAKwVH1t4PqvHYY2huzlTjLaWIDr6G,https://www.youtube.com/playlist?list=PL90QAKwVH1t4PqvHYY2huzlTjLaWIDr6G,PC
Fire Red,Taki,zen-x,Mitsurugi,W,W,LB,LB,LY,LY,LB,W,W,W,SSLT 5,https://www.youtube.com/embed/videoseries?list=PL90QAKwVH1t4PqvHYY2huzlTjLaWIDr6G,https://www.youtube.com/playlist?list=PL90QAKwVH1t4PqvHYY2huzlTjLaWIDr6G,PC
Fire Red,Taki,zen-x,Mitsurugi,PW,W,W,0,0,PL,LB,LB,0,0,SSLT 5,https://www.youtube.com/embed/videoseries?list=PL90QAKwVH1t4PqvHYY2huzlTjLaWIDr6G,https://www.youtube.com/playlist?list=PL90QAKwVH1t4PqvHYY2huzlTjLaWIDr6G,PC
zen-x,Mitsurugi,Fire Red,Taki,W,LY,W,LY,PL,LY,W,LY,W,PW,SSLT 5,https://www.youtube.com/embed/videoseries?list=PL90QAKwVH1t4PqvHYY2huzlTjLaWIDr6G,https://www.youtube.com/playlist?list=PL90QAKwVH1t4PqvHYY2huzlTjLaWIDr6G,PC
zen-x,Mitsurugi,Fire Red,Taki,W,LB,W,W,0,LB,W,LB,LB,0,SSLT 5,https://www.youtube.com/embed/videoseries?list=PL90QAKwVH1t4PqvHYY2huzlTjLaWIDr6G,https://www.youtube.com/playlist?list=PL90QAKwVH1t4PqvHYY2huzlTjLaWIDr6G,PC
Fire Red,Taki,zen-x,Mitsurugi,W,LB,W,LY,W,LY,W,LY,W,LY,SSLT 5,https://www.youtube.com/embed/videoseries?list=PL90QAKwVH1t4PqvHYY2huzlTjLaWIDr6G,https://www.youtube.com/playlist?list=PL90QAKwVH1t4PqvHYY2huzlTjLaWIDr6G,PC
Marv,Seong Mi-na,Fire Red,Taki,LY,W,W,PW,0,W,LB,LB,PL,0,SSLT 5,https://www.youtube.com/embed/videoseries?list=PL90QAKwVH1t4PqvHYY2huzlTjLaWIDr6G,https://www.youtube.com/playlist?list=PL90QAKwVH1t4PqvHYY2huzlTjLaWIDr6G,PC
Fire Red,Taki,Marv,Seong Mi-na,LB,W,W,W,0,W,LB,LB,LB,0,SSLT 5,https://www.youtube.com/embed/videoseries?list=PL90QAKwVH1t4PqvHYY2huzlTjLaWIDr6G,https://www.youtube.com/playlist?list=PL90QAKwVH1t4PqvHYY2huzlTjLaWIDr6G,PC
Marv,Seong Mi-na,Fire Red,Taki,W,W,W,0,0,LY,LY,LY,0,0,SSLT 5,https://www.youtube.com/embed/videoseries?list=PL90QAKwVH1t4PqvHYY2huzlTjLaWIDr6G,https://www.youtube.com/playlist?list=PL90QAKwVH1t4PqvHYY2huzlTjLaWIDr6G,PC
Fire Red,Taki,Marv,Seong Mi-na,W,LB,LB,LY,0,LB,W,W,W,0,SSLT 5,https://www.youtube.com/embed/videoseries?list=PL90QAKwVH1t4PqvHYY2huzlTjLaWIDr6G,https://www.youtube.com/playlist?list=PL90QAKwVH1t4PqvHYY2huzlTjLaWIDr6G,PC
Sebas,Yoshimitsu,Mastodon,Talim,W,LB,W,W,0,LB,W,LB,LY,0,SSLT 6,https://www.youtube.com/embed/videoseries?list=PL90QAKwVH1t4-9o3vHI3_mXNJE5XryEwH,https://www.youtube.com/playlist?list=PL90QAKwVH1t4-9o3vHI3_mXNJE5XryEwH,PS4
Mastodon,Seong Mi-na,Sebas,Yoshimitsu,W,PL,LB,LB,0,LB,PW,W,W,0,SSLT 6,https://www.youtube.com/embed/videoseries?list=PL90QAKwVH1t4-9o3vHI3_mXNJE5XryEwH,https://www.youtube.com/playlist?list=PL90QAKwVH1t4-9o3vHI3_mXNJE5XryEwH,PS4
Junixart,Talim,Lang,2B,LB,LY,LY,0,0,W,W,W,0,0,SSLT 6,https://www.youtube.com/embed/videoseries?list=PL90QAKwVH1t4-9o3vHI3_mXNJE5XryEwH,https://www.youtube.com/playlist?list=PL90QAKwVH1t4-9o3vHI3_mXNJE5XryEwH,PS4
Junixart,Talim,Lang,2B,LY,LB,LB,0,0,W,W,W,0,0,SSLT 6,https://www.youtube.com/embed/videoseries?list=PL90QAKwVH1t4-9o3vHI3_mXNJE5XryEwH,https://www.youtube.com/playlist?list=PL90QAKwVH1t4-9o3vHI3_mXNJE5XryEwH,PS4
Karol,Astaroth,Sagadalius,Voldo,W,W,W,0,0,LB,LB,LB,0,0,SSLT 6,https://www.youtube.com/embed/videoseries?list=PL90QAKwVH1t4-9o3vHI3_mXNJE5XryEwH,https://www.youtube.com/playlist?list=PL90QAKwVH1t4-9o3vHI3_mXNJE5XryEwH,PS4
Sagadalius,Maxi,Karol,Astaroth,LY,PL,W,LY,0,W,PW,LY,W,0,SSLT 6,https://www.youtube.com/embed/videoseries?list=PL90QAKwVH1t4-9o3vHI3_mXNJE5XryEwH,https://www.youtube.com/playlist?list=PL90QAKwVH1t4-9o3vHI3_mXNJE5XryEwH,PS4
Junixart,Talim,Mastodon,Talim,PW,W,W,0,0,PL,LY,LY,0,0,SSLT 6,https://www.youtube.com/embed/videoseries?list=PL90QAKwVH1t4-9o3vHI3_mXNJE5XryEwH,https://www.youtube.com/playlist?list=PL90QAKwVH1t4-9o3vHI3_mXNJE5XryEwH,PS4
Mastodon,Talim,Junixart,Talim,W,LB,LY,LB,0,LY,W,W,W,0,SSLT 6,https://www.youtube.com/embed/videoseries?list=PL90QAKwVH1t4-9o3vHI3_mXNJE5XryEwH,https://www.youtube.com/playlist?list=PL90QAKwVH1t4-9o3vHI3_mXNJE5XryEwH,PS4
Sebas,Yoshimitsu,Lang,2B,LB,LB,LB,0,0,W,W,W,0,0,SSLT 6,https://www.youtube.com/embed/videoseries?list=PL90QAKwVH1t4-9o3vHI3_mXNJE5XryEwH,https://www.youtube.com/playlist?list=PL90QAKwVH1t4-9o3vHI3_mXNJE5XryEwH,PS4
Sebas,Yoshimitsu,Lang,2B,W,PL,LB,LB,0,LY,PW,W,W,0,SSLT 6,https://www.youtube.com/embed/videoseries?list=PL90QAKwVH1t4-9o3vHI3_mXNJE5XryEwH,https://www.youtube.com/playlist?list=PL90QAKwVH1t4-9o3vHI3_mXNJE5XryEwH,PS4
Ozkuervo,Maxi,Karol,Astaroth,W,LB,LB,LY,0,LY,W,W,W,0,SSLT 6,https://www.youtube.com/embed/videoseries?list=PL90QAKwVH1t4-9o3vHI3_mXNJE5XryEwH,https://www.youtube.com/playlist?list=PL90QAKwVH1t4-9o3vHI3_mXNJE5XryEwH,PS4
Ozkuervo,Maxi,Karol,Astaroth,LY,W,PL,W,PL,W,LY,PW,LB,PW,SSLT 6,https://www.youtube.com/embed/videoseries?list=PL90QAKwVH1t4-9o3vHI3_mXNJE5XryEwH,https://www.youtube.com/playlist?list=PL90QAKwVH1t4-9o3vHI3_mXNJE5XryEwH,PS4
Sagadalius,Voldo,Sebas,Yoshimitsu,LB,W,LY,W,LB,W,LY,W,LB,W,SSLT 6,https://www.youtube.com/embed/videoseries?list=PL90QAKwVH1t4-9o3vHI3_mXNJE5XryEwH,https://www.youtube.com/playlist?list=PL90QAKwVH1t4-9o3vHI3_mXNJE5XryEwH,PS4
Sagadalius,Voldo,Sebas,Yoshimitsu,W,LB,W,LB,W,LB,W,LY,W,LB,SSLT 6,https://www.youtube.com/embed/videoseries?list=PL90QAKwVH1t4-9o3vHI3_mXNJE5XryEwH,https://www.youtube.com/playlist?list=PL90QAKwVH1t4-9o3vHI3_mXNJE5XryEwH,PS4
Sebas,Yoshimitsu,Sagadalius,Voldo,W,LB,W,W,0,LY,W,LB,LB,0,SSLT 6,https://www.youtube.com/embed/videoseries?list=PL90QAKwVH1t4-9o3vHI3_mXNJE5XryEwH,https://www.youtube.com/playlist?list=PL90QAKwVH1t4-9o3vHI3_mXNJE5XryEwH,PS4
Junixart,Talim,Ozkuervo,Maxi,W,PW,W,0,0,LY,PL,LB,0,0,SSLT 6,https://www.youtube.com/embed/videoseries?list=PL90QAKwVH1t4-9o3vHI3_mXNJE5XryEwH,https://www.youtube.com/playlist?list=PL90QAKwVH1t4-9o3vHI3_mXNJE5XryEwH,PS4
Ozkuervo,Maxi,Junixart,Talim,PL,LB,LB,0,0,PW,W,W,0,0,SSLT 6,https://www.youtube.com/embed/videoseries?list=PL90QAKwVH1t4-9o3vHI3_mXNJE5XryEwH,https://www.youtube.com/playlist?list=PL90QAKwVH1t4-9o3vHI3_mXNJE5XryEwH,PS4
Sebas,Yoshimitsu,Junixart,Talim,LB,LB,LY,0,0,W,W,W,0,0,SSLT 6,https://www.youtube.com/embed/videoseries?list=PL90QAKwVH1t4-9o3vHI3_mXNJE5XryEwH,https://www.youtube.com/playlist?list=PL90QAKwVH1t4-9o3vHI3_mXNJE5XryEwH,PS4
Sebas,Yoshimitsu,Junixart,Talim,W,LB,LB,W,LY,LY,W,W,LY,W,SSLT 6,https://www.youtube.com/embed/videoseries?list=PL90QAKwVH1t4-9o3vHI3_mXNJE5XryEwH,https://www.youtube.com/playlist?list=PL90QAKwVH1t4-9o3vHI3_mXNJE5XryEwH,PS4
Karol,Astaroth,Lang,2B,LB,LB,W,W,LB,W,W,LY,LB,W,SSLT 6,https://www.youtube.com/embed/videoseries?list=PL90QAKwVH1t4-9o3vHI3_mXNJE5XryEwH,https://www.youtube.com/playlist?list=PL90QAKwVH1t4-9o3vHI3_mXNJE5XryEwH,PS4
Karol,Yoshimitsu,Lang,2B,LY,LY,W,W,W,W,W,LY,LB,LB,SSLT 6,https://www.youtube.com/embed/videoseries?list=PL90QAKwVH1t4-9o3vHI3_mXNJE5XryEwH,https://www.youtube.com/playlist?list=PL90QAKwVH1t4-9o3vHI3_mXNJE5XryEwH,PS4
Lang,2B,Karol,Yoshimitsu,LB,W,W,W,0,W,LY,LY,LB,0,SSLT 6,https://www.youtube.com/embed/videoseries?list=PL90QAKwVH1t4-9o3vHI3_mXNJE5XryEwH,https://www.youtube.com/playlist?list=PL90QAKwVH1t4-9o3vHI3_mXNJE5XryEwH,PS4
Karol,Seong Mi-na,Lang,2B,W,W,W,0,0,LY,LY,LB,0,0,SSLT 6,https://www.youtube.com/embed/videoseries?list=PL90QAKwVH1t4-9o3vHI3_mXNJE5XryEwH,https://www.youtube.com/playlist?list=PL90QAKwVH1t4-9o3vHI3_mXNJE5XryEwH,PS4
Lang,2B,Karol,Seong Mi-na,W,W,LY,W,0,LB,LB,W,LB,0,SSLT 6,https://www.youtube.com/embed/videoseries?list=PL90QAKwVH1t4-9o3vHI3_mXNJE5XryEwH,https://www.youtube.com/playlist?list=PL90QAKwVH1t4-9o3vHI3_mXNJE5XryEwH,PS4
Karol,Siegfried,Junixart,Talim,LB,W,LB,W,LB,W,LB,W,LY,W,SSLT 6,https://www.youtube.com/embed/videoseries?list=PL90QAKwVH1t4-9o3vHI3_mXNJE5XryEwH,https://www.youtube.com/playlist?list=PL90QAKwVH1t4-9o3vHI3_mXNJE5XryEwH,PS4
Karol,Taki,Junixart,Talim,LY,LY,W,LB,0,W,W,LB,W,0,SSLT 6,https://www.youtube.com/embed/videoseries?list=PL90QAKwVH1t4-9o3vHI3_mXNJE5XryEwH,https://www.youtube.com/playlist?list=PL90QAKwVH1t4-9o3vHI3_mXNJE5XryEwH,PS4
Karol,Taki,Junixart,Talim,W,W,LB,LB,LY,LB,LB,W,W,W,SSLT 6,https://www.youtube.com/embed/videoseries?list=PL90QAKwVH1t4-9o3vHI3_mXNJE5XryEwH,https://www.youtube.com/playlist?list=PL90QAKwVH1t4-9o3vHI3_mXNJE5XryEwH,PS4
Junixart,Talim,Lang,2B,W,LY,LB,LY,0,LY,W,W,W,0,SSLT 6,https://www.youtube.com/embed/videoseries?list=PL90QAKwVH1t4-9o3vHI3_mXNJE5XryEwH,https://www.youtube.com/playlist?list=PL90QAKwVH1t4-9o3vHI3_mXNJE5XryEwH,PS4
Junixart,Talim,Lang,2B,LB,LB,W,LY,0,W,W,LB,W,0,SSLT 6,https://www.youtube.com/embed/videoseries?list=PL90QAKwVH1t4-9o3vHI3_mXNJE5XryEwH,https://www.youtube.com/playlist?list=PL90QAKwVH1t4-9o3vHI3_mXNJE5XryEwH,PS4
Junixart,Talim,Lang,2B,LY,LB,LY,0,0,W,W,W,0,0,SSLT 6,https://www.youtube.com/embed/videoseries?list=PL90QAKwVH1t4-9o3vHI3_mXNJE5XryEwH,https://www.youtube.com/playlist?list=PL90QAKwVH1t4-9o3vHI3_mXNJE5XryEwH,PS4
Kovas,Tira,JaffarWolf,Yoshimitsu,LB,W,LB,LB,0,W,LB,W,W,0,SSLT 7,https://www.youtube.com/embed/videoseries?list=PL90QAKwVH1t5QgDpbtP9Xy7WQQvBBwNpy,https://www.youtube.com/playlist?list=PL90QAKwVH1t5QgDpbtP9Xy7WQQvBBwNpy,PC
Kovas,Ivy,JaffarWolf,Yoshimitsu,W,W,W,0,0,LB,LY,LB,0,0,SSLT 7,https://www.youtube.com/embed/videoseries?list=PL90QAKwVH1t5QgDpbtP9Xy7WQQvBBwNpy,https://www.youtube.com/playlist?list=PL90QAKwVH1t5QgDpbtP9Xy7WQQvBBwNpy,PC
JaffarWolf,Geralt,Kovas,Ivy,W,LY,LB,W,W,LB,W,W,LB,LB,SSLT 7,https://www.youtube.com/embed/videoseries?list=PL90QAKwVH1t5QgDpbtP9Xy7WQQvBBwNpy,https://www.youtube.com/playlist?list=PL90QAKwVH1t5QgDpbtP9Xy7WQQvBBwNpy,PC
wylde,Nightmare,Camus,Kilik,LB,W,LB,W,W,W,LB,W,LB,LY,SSLT 7,https://www.youtube.com/embed/videoseries?list=PL90QAKwVH1t5QgDpbtP9Xy7WQQvBBwNpy,https://www.youtube.com/playlist?list=PL90QAKwVH1t5QgDpbtP9Xy7WQQvBBwNpy,PC
Camus,Kilik,wylde,Nightmare,LY,W,W,W,0,W,LB,LB,LB,0,SSLT 7,https://www.youtube.com/embed/videoseries?list=PL90QAKwVH1t5QgDpbtP9Xy7WQQvBBwNpy,https://www.youtube.com/playlist?list=PL90QAKwVH1t5QgDpbtP9Xy7WQQvBBwNpy,PC
wylde,Nightmare,Camus,Kilik,W,LB,LB,W,LB,LY,W,W,LB,W,SSLT 7,https://www.youtube.com/embed/videoseries?list=PL90QAKwVH1t5QgDpbtP9Xy7WQQvBBwNpy,https://www.youtube.com/playlist?list=PL90QAKwVH1t5QgDpbtP9Xy7WQQvBBwNpy,PC
Eche,Cassandra,DonMarlboro,Nightmare,PL,LB,LB,0,0,PW,W,W,0,0,SSLT 7,https://www.youtube.com/embed/videoseries?list=PL90QAKwVH1t5QgDpbtP9Xy7WQQvBBwNpy,https://www.youtube.com/playlist?list=PL90QAKwVH1t5QgDpbtP9Xy7WQQvBBwNpy,PC
Eche,Cassandra,DonMarlboro,Nightmare,W,LB,LY,W,W,LB,W,W,LB,LB,SSLT 7,https://www.youtube.com/embed/videoseries?list=PL90QAKwVH1t5QgDpbtP9Xy7WQQvBBwNpy,https://www.youtube.com/playlist?list=PL90QAKwVH1t5QgDpbtP9Xy7WQQvBBwNpy,PC
DonMarlboro,Nightmare,Eche,Cassandra,W,W,W,0,0,LB,LY,LB,0,0,SSLT 7,https://www.youtube.com/embed/videoseries?list=PL90QAKwVH1t5QgDpbtP9Xy7WQQvBBwNpy,https://www.youtube.com/playlist?list=PL90QAKwVH1t5QgDpbtP9Xy7WQQvBBwNpy,PC
Kovas,Ivy,wylde,Nightmare,LB,LB,LB,0,0,W,W,W,0,0,SSLT 7,https://www.youtube.com/embed/videoseries?list=PL90QAKwVH1t5QgDpbtP9Xy7WQQvBBwNpy,https://www.youtube.com/playlist?list=PL90QAKwVH1t5QgDpbtP9Xy7WQQvBBwNpy,PC
Kovas,Ivy,wylde,Nightmare,LY,LB,PL,0,0,W,W,PW,0,0,SSLT 7,https://www.youtube.com/embed/videoseries?list=PL90QAKwVH1t5QgDpbtP9Xy7WQQvBBwNpy,https://www.youtube.com/playlist?list=PL90QAKwVH1t5QgDpbtP9Xy7WQQvBBwNpy,PC
Camus,Taki,JaffarWolf,Geralt,W,W,W,0,0,LB,LB,LB,0,0,SSLT 7,https://www.youtube.com/embed/videoseries?list=PL90QAKwVH1t5QgDpbtP9Xy7WQQvBBwNpy,https://www.youtube.com/playlist?list=PL90QAKwVH1t5QgDpbtP9Xy7WQQvBBwNpy,PC
JaffarWolf,Yoshimitsu,Camus,Taki,LB,LB,PL,0,0,W,W,PW,0,0,SSLT 7,https://www.youtube.com/embed/videoseries?list=PL90QAKwVH1t5QgDpbtP9Xy7WQQvBBwNpy,https://www.youtube.com/playlist?list=PL90QAKwVH1t5QgDpbtP9Xy7WQQvBBwNpy,PC
Sigfrancis,Yoshimitsu,Fire Red,Cassandra,W,W,LY,LY,LY,LB,LY,W,W,W,SSLT 7,https://www.youtube.com/embed/videoseries?list=PL90QAKwVH1t5QgDpbtP9Xy7WQQvBBwNpy,https://www.youtube.com/playlist?list=PL90QAKwVH1t5QgDpbtP9Xy7WQQvBBwNpy,PC
Sigfrancis,Zasalamel,Fire Red,Cassandra,W,LB,PL,W,PW,LY,W,PW,LB,PL,SSLT 7,https://www.youtube.com/embed/videoseries?list=PL90QAKwVH1t5QgDpbtP9Xy7WQQvBBwNpy,https://www.youtube.com/playlist?list=PL90QAKwVH1t5QgDpbtP9Xy7WQQvBBwNpy,PC
Fire Red,Taki,Sigfrancis,Zasalamel,LB,LB,W,LB,0,W,W,LB,W,0,SSLT 7,https://www.youtube.com/embed/videoseries?list=PL90QAKwVH1t5QgDpbtP9Xy7WQQvBBwNpy,https://www.youtube.com/playlist?list=PL90QAKwVH1t5QgDpbtP9Xy7WQQvBBwNpy,PC
Fire Red,Cassandra,Eche,Cassandra,LB,LB,W,W,LB,W,W,LB,LB,W,SSLT 7,https://www.youtube.com/embed/videoseries?list=PL90QAKwVH1t5QgDpbtP9Xy7WQQvBBwNpy,https://www.youtube.com/playlist?list=PL90QAKwVH1t5QgDpbtP9Xy7WQQvBBwNpy,PC
Fire Red,Taki,Eche,Cassandra,W,W,W,0,0,LB,LB,LY,0,0,SSLT 7,https://www.youtube.com/embed/videoseries?list=PL90QAKwVH1t5QgDpbtP9Xy7WQQvBBwNpy,https://www.youtube.com/playlist?list=PL90QAKwVH1t5QgDpbtP9Xy7WQQvBBwNpy,PC
Eche,Cassandra,Fire Red,Taki,LY,LB,PL,0,0,W,W,PW,0,0,SSLT 7,https://www.youtube.com/embed/videoseries?list=PL90QAKwVH1t5QgDpbtP9Xy7WQQvBBwNpy,https://www.youtube.com/playlist?list=PL90QAKwVH1t5QgDpbtP9Xy7WQQvBBwNpy,PC
Sigfrancis,Yoshimitsu,DonMarlboro,Nightmare,LB,LB,W,W,W,W,W,LY,LB,LY,SSLT 7,https://www.youtube.com/embed/videoseries?list=PL90QAKwVH1t5QgDpbtP9Xy7WQQvBBwNpy,https://www.youtube.com/playlist?list=PL90QAKwVH1t5QgDpbtP9Xy7WQQvBBwNpy,PC
DonMarlboro,Nightmare,Sigfrancis,Yoshimitsu,LY,LB,LY,0,0,W,W,W,0,0,SSLT 7,https://www.youtube.com/embed/videoseries?list=PL90QAKwVH1t5QgDpbtP9Xy7WQQvBBwNpy,https://www.youtube.com/playlist?list=PL90QAKwVH1t5QgDpbtP9Xy7WQQvBBwNpy,PC
JaffarWolf,Groh,Fire Red,Cassandra,LY,W,LY,LB,0,W,LB,W,W,0,SSLT 7,https://www.youtube.com/embed/videoseries?list=PL90QAKwVH1t5QgDpbtP9Xy7WQQvBBwNpy,https://www.youtube.com/playlist?list=PL90QAKwVH1t5QgDpbtP9Xy7WQQvBBwNpy,PC
JaffarWolf,Geralt,Fire Red,Cassandra,LB,LY,LB,0,0,W,W,W,0,0,SSLT 7,https://www.youtube.com/embed/videoseries?list=PL90QAKwVH1t5QgDpbtP9Xy7WQQvBBwNpy,https://www.youtube.com/playlist?list=PL90QAKwVH1t5QgDpbtP9Xy7WQQvBBwNpy,PC
wylde,Nightmare,DonMarlboro,Nightmare,W,W,LB,LY,LY,LB,LB,W,W,W,SSLT 7,https://www.youtube.com/embed/videoseries?list=PL90QAKwVH1t5QgDpbtP9Xy7WQQvBBwNpy,https://www.youtube.com/playlist?list=PL90QAKwVH1t5QgDpbtP9Xy7WQQvBBwNpy,PC
wylde,Nightmare,DonMarlboro,Nightmare,W,W,W,0,0,LB,LB,LB,0,0,SSLT 7,https://www.youtube.com/embed/videoseries?list=PL90QAKwVH1t5QgDpbtP9Xy7WQQvBBwNpy,https://www.youtube.com/playlist?list=PL90QAKwVH1t5QgDpbtP9Xy7WQQvBBwNpy,PC
DonMarlboro,Nightmare,wylde,Nightmare,W,LY,W,W,0,LB,W,LY,LB,0,SSLT 7,https://www.youtube.com/embed/videoseries?list=PL90QAKwVH1t5QgDpbtP9Xy7WQQvBBwNpy,https://www.youtube.com/playlist?list=PL90QAKwVH1t5QgDpbtP9Xy7WQQvBBwNpy,PC
DonMarlboro,Nightmare,Fire Red,Cassandra,LB,PW,W,LY,W,W,PL,LB,W,LB,SSLT 7,https://www.youtube.com/embed/videoseries?list=PL90QAKwVH1t5QgDpbtP9Xy7WQQvBBwNpy,https://www.youtube.com/playlist?list=PL90QAKwVH1t5QgDpbtP9Xy7WQQvBBwNpy,PC
Fire Red,Taki,DonMarlboro,Nightmare,LY,W,W,LB,W,W,LB,LB,W,LB,SSLT 7,https://www.youtube.com/embed/videoseries?list=PL90QAKwVH1t5QgDpbtP9Xy7WQQvBBwNpy,https://www.youtube.com/playlist?list=PL90QAKwVH1t5QgDpbtP9Xy7WQQvBBwNpy,PC
DonMarlboro,Nightmare,Fire Red,Taki,W,W,W,0,0,LB,LB,LY,0,0,SSLT 7,https://www.youtube.com/embed/videoseries?list=PL90QAKwVH1t5QgDpbtP9Xy7WQQvBBwNpy,https://www.youtube.com/playlist?list=PL90QAKwVH1t5QgDpbtP9Xy7WQQvBBwNpy,PC
Camus,Groh,Sigfrancis,Yoshimitsu,W,W,W,0,0,LB,LB,LB,0,0,SSLT 7,https://www.youtube.com/embed/videoseries?list=PL90QAKwVH1t5QgDpbtP9Xy7WQQvBBwNpy,https://www.youtube.com/playlist?list=PL90QAKwVH1t5QgDpbtP9Xy7WQQvBBwNpy,PC
Sigfrancis,Zasalamel,Camus,Groh,LB,LB,LB,0,0,W,W,W,0,0,SSLT 7,https://www.youtube.com/embed/videoseries?list=PL90QAKwVH1t5QgDpbtP9Xy7WQQvBBwNpy,https://www.youtube.com/playlist?list=PL90QAKwVH1t5QgDpbtP9Xy7WQQvBBwNpy,PC
Sigfrancis,Zasalamel,Camus,Groh,LY,LB,W,LB,0,W,W,LY,W,0,SSLT 7,https://www.youtube.com/embed/videoseries?list=PL90QAKwVH1t5QgDpbtP9Xy7WQQvBBwNpy,https://www.youtube.com/playlist?list=PL90QAKwVH1t5QgDpbtP9Xy7WQQvBBwNpy,PC
DonMarlboro,Nightmare,Sigfrancis,Zasalamel,LB,W,LY,W,LB,W,LY,W,LB,W,SSLT 7,https://www.youtube.com/embed/videoseries?list=PL90QAKwVH1t5QgDpbtP9Xy7WQQvBBwNpy,https://www.youtube.com/playlist?list=PL90QAKwVH1t5QgDpbtP9Xy7WQQvBBwNpy,PC
DonMarlboro,Nightmare,Sigfrancis,Zasalamel,W,LB,W,LY,W,LY,W,LY,W,LB,SSLT 7,https://www.youtube.com/embed/videoseries?list=PL90QAKwVH1t5QgDpbtP9Xy7WQQvBBwNpy,https://www.youtube.com/playlist?list=PL90QAKwVH1t5QgDpbtP9Xy7WQQvBBwNpy,PC
Sigfrancis,Yoshimitsu,DonMarlboro,Nightmare,W,LB,LB,LB,0,LB,W,W,W,0,SSLT 7,https://www.youtube.com/embed/videoseries?list=PL90QAKwVH1t5QgDpbtP9Xy7WQQvBBwNpy,https://www.youtube.com/playlist?list=PL90QAKwVH1t5QgDpbtP9Xy7WQQvBBwNpy,PC
Sigfrancis,Yoshimitsu,DonMarlboro,Nightmare,LY,W,W,LB,W,W,LB,LB,W,LY,SSLT 7,https://www.youtube.com/embed/videoseries?list=PL90QAKwVH1t5QgDpbtP9Xy7WQQvBBwNpy,https://www.youtube.com/playlist?list=PL90QAKwVH1t5QgDpbtP9Xy7WQQvBBwNpy,PC
DonMarlboro,Nightmare,Sigfrancis,Yoshimitsu,PL,W,LB,W,W,PW,LB,W,LY,LB,SSLT 7,https://www.youtube.com/embed/videoseries?list=PL90QAKwVH1t5QgDpbtP9Xy7WQQvBBwNpy,https://www.youtube.com/playlist?list=PL90QAKwVH1t5QgDpbtP9Xy7WQQvBBwNpy,PC
Camus,Sophitia,DonMarlboro,Nightmare,W,LB,W,LY,W,LB,W,LB,W,LB,SSLT 7,https://www.youtube.com/embed/videoseries?list=PL90QAKwVH1t5QgDpbtP9Xy7WQQvBBwNpy,https://www.youtube.com/playlist?list=PL90QAKwVH1t5QgDpbtP9Xy7WQQvBBwNpy,PC
DonMarlboro,Nightmare,Camus,Sophitia,LB,W,LB,W,LY,W,LB,W,LY,W,SSLT 7,https://www.youtube.com/embed/videoseries?list=PL90QAKwVH1t5QgDpbtP9Xy7WQQvBBwNpy,https://www.youtube.com/playlist?list=PL90QAKwVH1t5QgDpbtP9Xy7WQQvBBwNpy,PC
DonMarlboro,Nightmare,Camus,Sophitia,LB,W,PL,LB,0,W,LY,PW,W,0,SSLT 7,https://www.youtube.com/embed/videoseries?list=PL90QAKwVH1t5QgDpbtP9Xy7WQQvBBwNpy,https://www.youtube.com/playlist?list=PL90QAKwVH1t5QgDpbtP9Xy7WQQvBBwNpy,PC